,time_on_page,pages_viewed,interest_footwear,interest_sandals,buy,pred_1,pred_2
0,282.0,3.0,no,yes,1,0,0
1,223.0,3.0,no,yes,1,0,0
2,285.0,3.0,yes,yes,1,0,1
3,250.0,3.0,no,yes,1,0,0
4,271.0,2.0,yes,yes,1,0,1
5,259.0,2.0,yes,no,1,0,0
6,271.0,2.0,yes,yes,1,0,1
7,217.0,2.0,no,yes,1,0,0
8,227.0,3.0,yes,yes,1,0,0
9,276.0,3.0,yes,no,1,0,0
10,439.0,2.0,no,yes,1,0,0
11,321.0,3.0,yes,yes,1,0,1
12,260.0,3.0,yes,yes,1,0,1
13,256.0,3.0,no,yes,1,0,0
14,322.0,3.0,no,yes,1,0,0
15,258.0,3.0,yes,yes,1,0,1
16,260.0,3.0,yes,yes,1,0,1
17,286.0,3.0,yes,yes,1,0,1
18,101.0,2.0,no,no,1,0,0
19,317.0,3.0,no,no,1,0,0
20,136.0,3.0,yes,yes,1,0,0
21,263.0,3.0,no,yes,1,0,0
22,196.0,4.0,yes,yes,1,0,0
23,201.0,3.0,no,yes,1,0,0
24,295.0,3.0,no,yes,1,0,0
25,173.0,3.0,yes,yes,1,0,0
26,278.0,4.0,yes,no,1,0,0
27,142.0,4.0,yes,yes,1,0,0
28,221.0,3.0,no,yes,1,0,0
29,246.0,3.0,yes,yes,1,0,1
30,190.0,3.0,yes,yes,1,0,0
31,239.0,2.0,yes,yes,1,0,1
32,185.0,4.0,no,yes,1,0,0
33,200.0,2.0,yes,yes,1,0,0
34,283.0,4.0,no,yes,1,0,0
35,208.0,3.0,yes,yes,1,0,0
36,197.0,3.0,no,yes,1,0,0
37,253.0,3.0,no,yes,1,0,0
38,226.0,3.0,no,yes,1,0,0
39,219.0,2.0,yes,yes,1,0,0
40,339.0,3.0,yes,yes,1,0,1
41,196.0,4.0,no,yes,1,0,0
42,326.0,4.0,no,yes,1,0,0
43,269.0,3.0,no,yes,1,0,0
44,103.0,2.0,no,yes,1,0,0
45,307.0,3.0,no,yes,1,0,0
46,349.0,2.0,no,yes,1,0,0
47,351.0,3.0,yes,yes,1,0,1
48,194.0,3.0,no,yes,1,0,0
49,190.0,3.0,yes,yes,1,0,0
50,149.0,3.0,no,yes,0,0,0
51,-34.0,2.0,yes,no,0,0,0
52,222.0,2.0,no,yes,0,0,0
53,223.0,2.0,no,yes,0,0,0
54,106.0,2.0,no,yes,0,0,0
55,141.0,2.0,no,no,0,0,0
56,104.0,3.0,yes,yes,0,0,0
57,229.0,2.0,yes,no,0,0,0
58,242.0,2.0,yes,yes,0,0,1
59,218.0,2.0,no,no,0,0,0
60,208.0,2.0,no,no,0,0,0
61,176.0,2.0,no,yes,0,0,0
62,237.0,2.0,no,no,0,0,0
63,200.0,3.0,no,no,0,0,0
64,122.0,1.0,no,yes,0,0,0
65,95.0,3.0,yes,no,0,0,0
66,175.0,2.0,no,yes,0,0,0
67,241.0,3.0,yes,yes,0,0,1
68,151.0,3.0,no,no,0,0,0
69,280.0,2.0,yes,no,0,0,0
70,183.0,1.0,no,yes,0,0,0
71,210.0,1.0,no,yes,0,0,0
72,197.0,2.0,no,no,0,0,0
73,99.0,3.0,no,no,0,0,0
74,62.0,3.0,no,yes,0,0,0
75,199.0,2.0,yes,yes,0,0,0
76,207.0,2.0,yes,no,0,0,0
77,194.0,1.0,yes,yes,0,0,0
78,146.0,2.0,no,yes,0,0,0
79,266.0,2.0,yes,no,0,0,0
80,134.0,2.0,no,no,0,0,0
81,137.0,2.0,yes,yes,0,0,0
82,205.0,2.0,no,yes,0,0,0
83,226.0,2.0,no,no,0,0,0
84,92.0,2.0,no,yes,0,0,0
85,30.0,2.0,yes,no,0,0,0
86,279.0,3.0,yes,yes,0,0,1
87,183.0,2.0,no,no,0,0,0
88,174.0,2.0,no,no,0,0,0
89,70.0,1.0,no,yes,0,0,0
90,149.0,2.0,no,no,0,0,0
91,211.0,2.0,no,no,0,0,0
92,172.0,2.0,no,no,0,0,0
93,214.0,1.0,no,yes,0,0,0
94,175.0,2.0,no,no,0,0,0
95,285.0,2.0,no,yes,0,0,0
96,189.0,2.0,no,yes,0,0,0
97,195.0,1.0,no,no,0,0,0
98,177.0,2.0,no,yes,0,0,0
99,232.0,2.0,no,no,0,0,0
100,154.0,2.0,no,no,0,0,0
101,96.0,3.0,no,yes,0,0,0
102,172.0,3.0,no,no,0,0,0
103,112.0,3.0,no,no,0,0,0
104,143.0,3.0,no,no,0,0,0
105,195.0,2.0,no,no,0,0,0
106,122.0,2.0,yes,yes,0,0,0
107,197.0,2.0,yes,no,0,0,0
108,150.0,2.0,no,yes,0,0,0
109,322.0,2.0,yes,no,0,0,0
110,169.0,1.0,yes,no,0,0,0
111,217.0,2.0,no,no,0,0,0
112,170.0,2.0,no,yes,0,0,0
113,85.0,2.0,no,yes,0,0,0
114,213.0,2.0,no,no,0,0,0
115,220.0,2.0,no,no,0,0,0
116,232.0,1.0,no,yes,0,0,0
117,239.0,1.0,yes,no,0,0,0
118,116.0,2.0,no,yes,0,0,0
119,291.0,2.0,yes,yes,0,0,1
120,208.0,2.0,no,yes,0,0,0
121,239.0,1.0,no,yes,0,0,0
122,148.0,2.0,no,no,0,0,0
123,75.0,2.0,no,yes,0,0,0
124,230.0,1.0,no,no,0,0,0
125,215.0,1.0,no,no,0,0,0
126,156.0,2.0,no,no,0,0,0
127,201.0,2.0,no,no,0,0,0
128,65.0,2.0,no,no,0,0,0
129,165.0,2.0,no,no,0,0,0
130,136.0,1.0,no,no,0,0,0
131,120.0,2.0,no,no,0,0,0
132,148.0,2.0,yes,yes,0,0,0
133,164.0,2.0,no,yes,0,0,0
134,171.0,2.0,no,no,0,0,0
135,209.0,1.0,no,yes,0,0,0
136,219.0,1.0,yes,no,0,0,0
137,157.0,2.0,no,yes,0,0,0
138,310.0,2.0,yes,no,0,0,0
139,174.0,2.0,no,no,0,0,0
140,126.0,1.0,yes,yes,0,0,0
141,147.0,2.0,no,no,0,0,0
142,189.0,2.0,no,no,0,0,0
143,145.0,1.0,yes,no,0,0,0
144,192.0,2.0,no,no,0,0,0
145,124.0,2.0,yes,no,0,0,0
146,149.0,2.0,yes,no,0,0,0
147,80.0,2.0,yes,yes,0,0,0
148,155.0,2.0,yes,no,0,0,0
149,109.0,2.0,no,yes,0,0,0
150,166.0,2.0,no,yes,0,0,0
151,222.0,3.0,yes,no,0,0,0
152,218.0,2.0,no,no,0,0,0
153,272.0,2.0,yes,no,0,0,0
154,184.0,2.0,yes,yes,0,0,0
155,85.0,2.0,no,no,0,0,0
156,91.0,1.0,no,no,0,0,0
157,139.0,2.0,no,no,0,0,0
158,130.0,2.0,yes,yes,0,0,0
159,119.0,2.0,yes,yes,0,0,0
160,234.0,2.0,yes,no,0,0,0
161,139.0,2.0,yes,yes,0,0,0
162,148.0,2.0,no,no,0,0,0
163,150.0,2.0,no,yes,0,0,0
164,183.0,2.0,no,yes,0,0,0
165,178.0,1.0,no,yes,0,0,0
166,268.0,2.0,no,no,0,0,0
167,171.0,2.0,yes,yes,0,0,0
168,178.0,1.0,yes,no,0,0,0
169,261.0,2.0,no,yes,0,0,0
170,149.0,2.0,yes,yes,0,0,0
171,238.0,3.0,yes,no,0,0,0
172,200.0,2.0,yes,yes,0,0,0
173,208.0,2.0,no,no,0,0,0
174,222.0,2.0,yes,no,0,0,0
175,147.0,2.0,yes,yes,0,0,0
176,202.0,2.0,no,no,0,0,0
177,199.0,3.0,yes,no,0,0,0
178,119.0,2.0,no,no,0,0,0
179,116.0,2.0,no,yes,0,0,0
180,196.0,1.0,no,no,0,0,0
181,270.0,1.0,no,yes,0,0,0
182,142.0,3.0,yes,no,0,0,0
183,142.0,2.0,yes,no,0,0,0
184,143.0,2.0,yes,no,0,0,0
185,165.0,2.0,no,yes,0,0,0
186,163.0,1.0,yes,no,0,0,0
187,54.0,2.0,yes,no,0,0,0
188,219.0,1.0,yes,no,0,0,0
189,192.0,2.0,no,no,0,0,0
190,242.0,2.0,no,no,0,0,0
191,113.0,2.0,no,no,0,0,0
192,95.0,1.0,no,no,0,0,0
193,120.0,3.0,no,no,0,0,0
194,159.0,2.0,yes,yes,0,0,0
195,117.0,1.0,no,no,0,0,0
196,179.0,2.0,no,no,0,0,0
197,266.0,2.0,no,yes,0,0,0
198,203.0,3.0,no,no,0,0,0
199,179.0,3.0,no,no,0,0,0
200,403.0,2.0,no,yes,0,0,0
201,200.0,2.0,no,yes,0,0,0
202,223.0,2.0,no,no,0,0,0
203,146.0,2.0,yes,yes,0,0,0
204,135.0,2.0,yes,no,0,0,0
205,197.0,2.0,no,no,0,0,0
206,159.0,2.0,no,yes,0,0,0
207,149.0,3.0,yes,no,0,0,0
208,244.0,1.0,yes,no,0,0,0
209,109.0,1.0,yes,yes,0,0,0
210,46.0,1.0,yes,no,0,0,0
211,195.0,3.0,yes,no,0,0,0
212,226.0,1.0,no,yes,0,0,0
213,154.0,3.0,no,no,0,0,0
214,64.0,2.0,yes,no,0,0,0
215,234.0,2.0,no,no,0,0,0
216,156.0,1.0,no,yes,0,0,0
217,192.0,2.0,no,no,0,0,0
218,209.0,3.0,no,yes,0,0,0
219,196.0,2.0,yes,no,0,0,0
220,168.0,2.0,no,no,0,0,0
221,208.0,2.0,no,yes,0,0,0
222,219.0,1.0,yes,no,0,0,0
223,271.0,1.0,no,yes,0,0,0
224,223.0,2.0,yes,no,0,0,0
225,199.0,2.0,yes,no,0,0,0
226,195.0,2.0,yes,no,0,0,0
227,164.0,1.0,yes,no,0,0,0
228,237.0,2.0,yes,no,0,0,0
229,206.0,2.0,yes,no,0,0,0
230,256.0,2.0,no,yes,0,0,0
231,100.0,2.0,no,yes,0,0,0
232,87.0,2.0,no,no,0,0,0
233,182.0,2.0,yes,no,0,0,0
234,324.0,1.0,no,no,0,0,0
235,274.0,2.0,yes,yes,0,0,1
236,270.0,3.0,no,yes,0,0,0
237,153.0,1.0,no,yes,0,0,0
238,233.0,2.0,no,yes,0,0,0
239,313.0,2.0,no,no,0,0,0
240,100.0,2.0,no,no,0,0,0
241,192.0,2.0,yes,no,0,0,0
242,219.0,3.0,no,no,0,0,0
243,157.0,3.0,no,yes,0,0,0
244,242.0,2.0,no,yes,0,0,0
245,153.0,3.0,no,no,0,0,0
246,148.0,2.0,yes,no,0,0,0
247,234.0,1.0,no,no,0,0,0
248,180.0,2.0,no,no,0,0,0
249,204.0,2.0,no,no,0,0,0
250,77.0,2.0,no,yes,0,0,0
251,178.0,2.0,no,no,0,0,0
252,87.0,1.0,yes,no,0,0,0
253,164.0,1.0,no,no,0,0,0
254,235.0,2.0,no,yes,0,0,0
255,264.0,1.0,no,no,0,0,0
256,103.0,2.0,no,no,0,0,0
257,175.0,2.0,yes,no,0,0,0
258,87.0,2.0,yes,yes,0,0,0
259,201.0,2.0,yes,no,0,0,0
260,242.0,3.0,no,yes,0,0,0
261,257.0,1.0,no,no,0,0,0
262,220.0,2.0,no,no,0,0,0
263,163.0,2.0,no,no,0,0,0
264,142.0,2.0,yes,no,0,0,0
265,132.0,2.0,no,yes,0,0,0
266,158.0,3.0,no,no,0,0,0
267,72.0,2.0,yes,yes,0,0,0
268,220.0,2.0,no,yes,0,0,0
269,256.0,1.0,no,yes,0,0,0
270,221.0,1.0,no,yes,0,0,0
271,192.0,2.0,yes,no,0,0,0
272,174.0,2.0,yes,yes,0,0,0
273,290.0,2.0,no,no,0,0,0
274,143.0,2.0,no,yes,0,0,0
275,186.0,1.0,no,yes,0,0,0
276,182.0,2.0,no,yes,0,0,0
277,173.0,2.0,no,yes,0,0,0
278,149.0,2.0,yes,no,0,0,0
279,225.0,2.0,no,no,0,0,0
280,205.0,2.0,no,no,0,0,0
281,149.0,2.0,no,no,0,0,0
282,208.0,2.0,no,no,0,0,0
283,187.0,2.0,no,no,0,0,0
284,121.0,2.0,yes,no,0,0,0
285,152.0,2.0,yes,no,0,0,0
286,66.0,2.0,yes,yes,0,0,0
287,145.0,2.0,yes,no,0,0,0
288,253.0,2.0,yes,no,0,0,0
289,94.0,2.0,no,no,0,0,0
290,95.0,2.0,no,no,0,0,0
291,179.0,3.0,no,yes,0,0,0
292,219.0,3.0,yes,no,0,0,0
293,181.0,1.0,yes,no,0,0,0
294,207.0,2.0,yes,yes,0,0,0
295,290.0,1.0,yes,no,0,0,0
296,161.0,3.0,yes,yes,0,0,0
297,198.0,2.0,no,no,0,0,0
298,175.0,3.0,yes,no,0,0,0
299,167.0,1.0,yes,no,0,0,0
300,86.0,2.0,no,yes,0,0,0
301,150.0,2.0,no,no,0,0,0
302,276.0,2.0,no,no,0,0,0
303,83.0,1.0,yes,no,0,0,0
304,152.0,2.0,yes,yes,0,0,0
305,302.0,2.0,no,no,0,0,0
306,169.0,2.0,yes,no,0,0,0
307,181.0,2.0,no,no,0,0,0
308,229.0,2.0,no,no,0,0,0
309,69.0,1.0,no,yes,0,0,0
310,40.0,2.0,no,yes,0,0,0
311,111.0,2.0,yes,no,0,0,0
312,155.0,2.0,yes,yes,0,0,0
313,161.0,2.0,no,yes,0,0,0
314,111.0,2.0,no,no,0,0,0
315,250.0,2.0,no,no,0,0,0
316,119.0,3.0,yes,no,0,0,0
317,151.0,2.0,no,yes,0,0,0
318,211.0,2.0,no,no,0,0,0
319,192.0,2.0,yes,no,0,0,0
320,227.0,1.0,no,no,0,0,0
321,207.0,2.0,no,no,0,0,0
322,117.0,2.0,no,no,0,0,0
323,21.0,2.0,yes,no,0,0,0
324,221.0,2.0,no,yes,0,0,0
325,84.0,3.0,no,no,0,0,0
326,219.0,2.0,yes,yes,0,0,0
327,202.0,2.0,no,no,0,0,0
328,149.0,2.0,no,no,0,0,0
329,331.0,3.0,no,yes,0,0,0
330,283.0,3.0,yes,yes,0,0,1
331,239.0,3.0,no,no,0,0,0
332,5.0,2.0,yes,yes,0,0,0
333,162.0,2.0,no,no,0,0,0
334,210.0,2.0,no,no,0,0,0
335,192.0,2.0,yes,no,0,0,0
336,236.0,2.0,no,yes,0,0,0
337,268.0,2.0,no,no,0,0,0
338,172.0,1.0,yes,no,0,0,0
339,216.0,2.0,yes,no,0,0,0
340,87.0,2.0,yes,yes,0,0,0
341,210.0,2.0,no,no,0,0,0
342,178.0,2.0,yes,no,0,0,0
343,34.0,3.0,no,yes,0,0,0
344,194.0,1.0,no,no,0,0,0
345,68.0,2.0,no,no,0,0,0
346,383.0,2.0,yes,no,0,0,0
347,264.0,2.0,yes,yes,0,0,1
348,185.0,1.0,no,yes,0,0,0
349,191.0,1.0,no,yes,0,0,0
350,172.0,2.0,no,yes,0,0,0
351,215.0,1.0,yes,no,0,0,0
352,204.0,1.0,yes,yes,0,0,0
353,249.0,2.0,no,no,0,0,0
354,163.0,1.0,yes,no,0,0,0
355,109.0,2.0,no,no,0,0,0
356,115.0,2.0,no,yes,0,0,0
357,230.0,2.0,yes,yes,0,0,0
358,155.0,2.0,yes,yes,0,0,0
359,80.0,2.0,yes,no,0,0,0
360,148.0,2.0,no,no,0,0,0
361,196.0,2.0,yes,no,0,0,0
362,58.0,2.0,no,no,0,0,0
363,159.0,2.0,yes,no,0,0,0
364,168.0,2.0,yes,no,0,0,0
365,192.0,3.0,no,yes,0,0,0
366,186.0,1.0,yes,yes,0,0,0
367,272.0,3.0,yes,no,0,0,0
368,299.0,2.0,no,no,0,0,0
369,209.0,2.0,no,yes,0,0,0
370,155.0,2.0,no,no,0,0,0
371,108.0,2.0,no,yes,0,0,0
372,165.0,2.0,no,yes,0,0,0
373,166.0,2.0,no,no,0,0,0
374,163.0,2.0,yes,no,0,0,0
375,239.0,2.0,no,no,0,0,0
376,126.0,2.0,no,no,0,0,0
377,190.0,2.0,no,no,0,0,0
378,139.0,2.0,no,no,0,0,0
379,106.0,1.0,no,yes,0,0,0
380,163.0,2.0,yes,yes,0,0,0
381,191.0,2.0,no,yes,0,0,0
382,91.0,2.0,yes,no,0,0,0
383,160.0,4.0,yes,no,0,0,0
384,306.0,2.0,yes,no,0,0,0
385,178.0,1.0,yes,no,0,0,0
386,203.0,1.0,no,yes,0,0,0
387,161.0,2.0,yes,no,0,0,0
388,162.0,2.0,no,no,0,0,0
389,203.0,2.0,no,no,0,0,0
390,144.0,3.0,no,yes,0,0,0
391,205.0,2.0,no,no,0,0,0
392,149.0,3.0,yes,no,0,0,0
393,122.0,2.0,no,no,0,0,0
394,228.0,2.0,no,yes,0,0,0
395,137.0,1.0,yes,yes,0,0,0
396,200.0,2.0,no,yes,0,0,0
397,304.0,3.0,yes,no,0,0,0
398,177.0,2.0,no,no,0,0,0
399,132.0,2.0,no,yes,0,0,0
400,188.0,2.0,no,yes,0,0,0
401,197.0,1.0,no,yes,0,0,0
402,188.0,3.0,yes,no,0,0,0
403,289.0,2.0,yes,no,0,0,0
404,186.0,0.0,no,yes,0,0,0
405,163.0,1.0,yes,no,0,0,0
406,147.0,1.0,yes,no,0,0,0
407,246.0,3.0,no,no,0,0,0
408,238.0,3.0,yes,yes,0,0,1
409,273.0,2.0,no,yes,0,0,0
410,339.0,2.0,no,no,0,0,0
411,279.0,2.0,no,no,0,0,0
412,39.0,2.0,no,no,0,0,0
413,272.0,2.0,no,yes,0,0,0
414,128.0,2.0,no,no,0,0,0
415,190.0,2.0,yes,no,0,0,0
416,158.0,1.0,no,yes,0,0,0
417,201.0,2.0,yes,yes,0,0,0
418,276.0,2.0,no,no,0,0,0
419,60.0,2.0,no,no,0,0,0
420,205.0,2.0,yes,no,0,0,0
421,103.0,2.0,no,yes,0,0,0
422,236.0,1.0,yes,yes,0,0,1
423,53.0,2.0,no,no,0,0,0
424,176.0,3.0,yes,no,0,0,0
425,139.0,2.0,no,yes,0,0,0
426,268.0,2.0,yes,no,0,0,0
427,138.0,2.0,no,no,0,0,0
428,215.0,1.0,no,no,0,0,0
429,120.0,3.0,no,yes,0,0,0
430,207.0,2.0,yes,no,0,0,0
431,180.0,2.0,no,yes,0,0,0
432,109.0,2.0,no,no,0,0,0
433,148.0,3.0,no,yes,0,0,0
434,145.0,2.0,no,no,0,0,0
435,136.0,1.0,yes,yes,0,0,0
436,164.0,1.0,yes,no,0,0,0
437,261.0,1.0,yes,no,0,0,0
438,205.0,2.0,no,no,0,0,0
439,176.0,3.0,yes,no,0,0,0
440,119.0,2.0,no,yes,0,0,0
441,182.0,2.0,no,no,0,0,0
442,227.0,2.0,yes,no,0,0,0
443,200.0,2.0,yes,yes,0,0,0
444,312.0,2.0,no,no,0,0,0
445,162.0,1.0,yes,yes,0,0,0
446,198.0,1.0,no,no,0,0,0
447,155.0,2.0,no,no,0,0,0
448,299.0,2.0,no,no,0,0,0
449,177.0,2.0,yes,no,0,0,0
450,118.0,3.0,no,yes,0,0,0
451,298.0,2.0,no,no,0,0,0
452,61.0,2.0,no,no,0,0,0
453,44.0,2.0,yes,no,0,0,0
454,242.0,2.0,yes,no,0,0,0
455,230.0,2.0,no,no,0,0,0
456,229.0,2.0,no,no,0,0,0
457,261.0,2.0,yes,yes,0,0,1
458,154.0,1.0,no,yes,0,0,0
459,144.0,2.0,yes,no,0,0,0
460,151.0,2.0,yes,yes,0,0,0
461,156.0,2.0,no,no,0,0,0
462,236.0,2.0,no,no,0,0,0
463,181.0,2.0,yes,no,0,0,0
464,186.0,2.0,no,yes,0,0,0
465,171.0,3.0,no,no,0,0,0
466,162.0,1.0,yes,no,0,0,0
467,236.0,3.0,no,yes,0,0,0
468,38.0,3.0,no,no,0,0,0
469,170.0,1.0,no,no,0,0,0
470,215.0,2.0,no,no,0,0,0
471,132.0,1.0,no,yes,0,0,0
472,107.0,2.0,yes,yes,0,0,0
473,171.0,3.0,no,no,0,0,0
474,178.0,1.0,no,no,0,0,0
475,241.0,3.0,yes,no,0,0,0
476,233.0,2.0,no,yes,0,0,0
477,205.0,1.0,yes,no,0,0,0
478,101.0,2.0,no,no,0,0,0
479,192.0,1.0,no,no,0,0,0
480,91.0,3.0,yes,no,0,0,0
481,224.0,1.0,no,no,0,0,0
482,231.0,2.0,yes,yes,0,0,1
483,277.0,2.0,yes,no,0,0,0
484,228.0,2.0,yes,no,0,0,0
485,157.0,2.0,no,no,0,0,0
486,222.0,2.0,no,no,0,0,0
487,239.0,2.0,yes,no,0,0,0
488,188.0,1.0,no,yes,0,0,0
489,171.0,2.0,yes,no,0,0,0
490,146.0,1.0,yes,no,0,0,0
491,216.0,2.0,no,yes,0,0,0
492,176.0,2.0,no,yes,0,0,0
493,58.0,2.0,no,no,0,0,0
494,197.0,2.0,yes,no,0,0,0
495,127.0,3.0,no,no,0,0,0
496,210.0,1.0,yes,no,0,0,0
497,142.0,3.0,yes,yes,0,0,0
498,205.0,2.0,yes,yes,0,0,0
499,184.0,2.0,no,no,0,0,0
500,175.0,2.0,no,no,0,0,0
501,147.0,2.0,no,no,0,0,0
502,210.0,3.0,no,no,0,0,0
503,276.0,2.0,no,no,0,0,0
504,278.0,2.0,no,no,0,0,0
505,259.0,2.0,no,no,0,0,0
506,164.0,2.0,no,yes,0,0,0
507,338.0,2.0,yes,no,0,0,0
508,147.0,3.0,yes,yes,0,0,0
509,235.0,2.0,no,no,0,0,0
510,168.0,3.0,no,no,0,0,0
511,258.0,2.0,no,yes,0,0,0
512,156.0,2.0,no,no,0,0,0
513,141.0,1.0,yes,yes,0,0,0
514,169.0,1.0,no,no,0,0,0
515,121.0,2.0,yes,no,0,0,0
516,290.0,2.0,yes,yes,0,0,1
517,182.0,2.0,no,no,0,0,0
518,177.0,3.0,no,no,0,0,0
519,71.0,2.0,no,no,0,0,0
520,135.0,2.0,yes,no,0,0,0
521,296.0,2.0,no,yes,0,0,0
522,237.0,2.0,no,no,0,0,0
523,207.0,2.0,no,no,0,0,0
524,191.0,2.0,no,no,0,0,0
525,217.0,3.0,no,no,0,0,0
526,226.0,2.0,yes,no,0,0,0
527,275.0,2.0,no,no,0,0,0
528,154.0,2.0,yes,no,0,0,0
529,149.0,2.0,yes,no,0,0,0
530,119.0,2.0,no,no,0,0,0
531,224.0,2.0,no,no,0,0,0
532,178.0,2.0,no,yes,0,0,0
533,208.0,2.0,yes,no,0,0,0
534,127.0,2.0,no,no,0,0,0
535,73.0,1.0,no,yes,0,0,0
536,233.0,3.0,no,no,0,0,0
537,196.0,3.0,yes,no,0,0,0
538,233.0,3.0,yes,no,0,0,0
539,123.0,2.0,no,no,0,0,0
540,142.0,1.0,no,yes,0,0,0
541,242.0,1.0,yes,no,0,0,0
542,110.0,2.0,no,no,0,0,0
543,114.0,3.0,no,no,0,0,0
544,220.0,2.0,no,no,0,0,0
545,116.0,2.0,no,no,0,0,0
546,212.0,2.0,yes,yes,0,0,0
547,78.0,2.0,no,no,0,0,0
548,128.0,3.0,no,yes,0,0,0
549,202.0,2.0,no,no,0,0,0
550,239.0,2.0,yes,yes,0,0,1
551,109.0,-0.0,yes,yes,0,0,0
552,77.0,2.0,no,no,0,0,0
553,256.0,1.0,no,no,0,0,0
554,179.0,3.0,no,yes,0,0,0
555,157.0,2.0,yes,yes,0,0,0
556,199.0,2.0,no,no,0,0,0
557,188.0,2.0,no,no,0,0,0
558,154.0,3.0,no,yes,0,0,0
559,122.0,2.0,no,no,0,0,0
560,233.0,1.0,no,yes,0,0,0
561,114.0,2.0,no,yes,0,0,0
562,179.0,2.0,yes,yes,0,0,0
563,119.0,1.0,yes,no,0,0,0
564,85.0,2.0,yes,yes,0,0,0
565,156.0,3.0,yes,no,0,0,0
566,214.0,2.0,yes,yes,0,0,0
567,107.0,3.0,no,no,0,0,0
568,264.0,2.0,yes,yes,0,0,1
569,124.0,2.0,no,no,0,0,0
570,201.0,2.0,yes,yes,0,0,0
571,106.0,3.0,no,no,0,0,0
572,142.0,1.0,no,no,0,0,0
573,157.0,2.0,no,no,0,0,0
574,298.0,2.0,no,yes,0,0,0
575,66.0,1.0,no,no,0,0,0
576,201.0,2.0,no,no,0,0,0
577,188.0,1.0,no,yes,0,0,0
578,127.0,2.0,no,yes,0,0,0
579,100.0,2.0,no,no,0,0,0
580,239.0,2.0,no,yes,0,0,0
581,209.0,2.0,no,no,0,0,0
582,197.0,3.0,no,no,0,0,0
583,220.0,2.0,no,no,0,0,0
584,213.0,2.0,no,yes,0,0,0
585,111.0,2.0,no,no,0,0,0
586,153.0,2.0,no,yes,0,0,0
587,176.0,2.0,yes,yes,0,0,0
588,118.0,1.0,yes,no,0,0,0
589,92.0,2.0,no,no,0,0,0
590,66.0,2.0,no,no,0,0,0
591,195.0,1.0,no,yes,0,0,0
592,120.0,2.0,no,no,0,0,0
593,208.0,2.0,yes,no,0,0,0
594,130.0,3.0,no,no,0,0,0
595,254.0,2.0,no,no,0,0,0
596,125.0,3.0,no,no,0,0,0
597,253.0,1.0,yes,yes,0,0,1
598,157.0,2.0,no,no,0,0,0
599,147.0,1.0,no,no,0,0,0
600,239.0,2.0,yes,no,0,0,0
601,219.0,2.0,yes,yes,0,0,0
602,190.0,2.0,yes,no,0,0,0
603,154.0,2.0,no,yes,0,0,0
604,226.0,1.0,no,yes,0,0,0
605,160.0,2.0,yes,no,0,0,0
606,148.0,2.0,yes,yes,0,0,0
607,188.0,3.0,no,no,0,0,0
608,209.0,2.0,no,yes,0,0,0
609,146.0,2.0,no,yes,0,0,0
610,205.0,2.0,yes,no,0,0,0
611,179.0,3.0,no,no,0,0,0
612,145.0,2.0,yes,no,0,0,0
613,152.0,2.0,yes,no,0,0,0
614,55.0,2.0,no,no,0,0,0
615,88.0,2.0,no,yes,0,0,0
616,194.0,2.0,no,no,0,0,0
617,135.0,2.0,yes,no,0,0,0
618,224.0,2.0,yes,yes,0,0,0
619,194.0,1.0,no,no,0,0,0
620,232.0,1.0,no,yes,0,0,0
621,97.0,3.0,no,no,0,0,0
622,147.0,2.0,no,yes,0,0,0
623,236.0,1.0,yes,no,0,0,0
624,203.0,2.0,yes,yes,0,0,0
625,183.0,1.0,yes,yes,0,0,0
626,159.0,2.0,yes,no,0,0,0
627,197.0,2.0,no,no,0,0,0
628,114.0,3.0,yes,no,0,0,0
629,57.0,2.0,no,no,0,0,0
630,212.0,2.0,no,no,0,0,0
631,156.0,3.0,yes,no,0,0,0
632,172.0,3.0,no,yes,0,0,0
633,170.0,2.0,no,no,0,0,0
634,192.0,2.0,no,no,0,0,0
635,153.0,2.0,no,no,0,0,0
636,163.0,2.0,no,no,0,0,0
637,232.0,1.0,yes,no,0,0,0
638,234.0,2.0,yes,no,0,0,0
639,221.0,3.0,no,no,0,0,0
640,88.0,2.0,yes,yes,0,0,0
641,107.0,2.0,yes,yes,0,0,0
642,130.0,1.0,yes,yes,0,0,0
643,254.0,2.0,yes,yes,0,0,1
644,317.0,2.0,no,yes,0,0,0
645,154.0,2.0,no,yes,0,0,0
646,287.0,2.0,no,no,0,0,0
647,332.0,3.0,no,no,0,0,0
648,85.0,1.0,no,yes,0,0,0
649,296.0,2.0,yes,no,0,0,0
650,238.0,2.0,yes,no,0,0,0
651,170.0,2.0,no,yes,0,0,0
652,300.0,1.0,no,no,0,0,0
653,272.0,2.0,yes,yes,0,0,1
654,278.0,2.0,no,no,0,0,0
655,149.0,2.0,no,yes,0,0,0
656,164.0,2.0,yes,no,0,0,0
657,173.0,2.0,yes,yes,0,0,0
658,174.0,2.0,no,no,0,0,0
659,127.0,2.0,no,no,0,0,0
660,113.0,2.0,yes,yes,0,0,0
661,141.0,2.0,yes,no,0,0,0
662,132.0,2.0,no,yes,0,0,0
663,124.0,2.0,yes,yes,0,0,0
664,174.0,2.0,no,no,0,0,0
665,198.0,2.0,no,no,0,0,0
666,234.0,2.0,yes,no,0,0,0
667,116.0,1.0,yes,yes,0,0,0
668,118.0,2.0,no,no,0,0,0
669,230.0,2.0,no,yes,0,0,0
670,193.0,3.0,no,no,0,0,0
671,190.0,2.0,no,no,0,0,0
672,137.0,2.0,no,no,0,0,0
673,168.0,3.0,no,yes,0,0,0
674,198.0,2.0,yes,yes,0,0,0
675,192.0,2.0,no,no,0,0,0
676,319.0,2.0,yes,no,0,0,0
677,192.0,2.0,no,yes,0,0,0
678,182.0,2.0,no,yes,0,0,0
679,98.0,2.0,no,yes,0,0,0
680,237.0,1.0,no,no,0,0,0
681,117.0,3.0,no,no,0,0,0
682,134.0,2.0,yes,yes,0,0,0
683,199.0,2.0,yes,yes,0,0,0
684,220.0,1.0,yes,no,0,0,0
685,145.0,2.0,no,no,0,0,0
686,195.0,2.0,no,yes,0,0,0
687,192.0,3.0,no,yes,0,0,0
688,205.0,2.0,yes,yes,0,0,0
689,233.0,2.0,no,yes,0,0,0
690,208.0,2.0,yes,no,0,0,0
691,190.0,2.0,no,yes,0,0,0
692,153.0,2.0,no,no,0,0,0
693,175.0,2.0,no,yes,0,0,0
694,190.0,2.0,no,yes,0,0,0
695,222.0,3.0,no,yes,0,0,0
696,246.0,2.0,no,yes,0,0,0
697,162.0,1.0,no,yes,0,0,0
698,104.0,2.0,yes,yes,0,0,0
699,170.0,2.0,no,no,0,0,0
700,123.0,1.0,no,no,0,0,0
701,214.0,2.0,no,yes,0,0,0
702,91.0,3.0,no,no,0,0,0
703,207.0,1.0,no,yes,0,0,0
704,191.0,1.0,no,no,0,0,0
705,232.0,2.0,no,yes,0,0,0
706,195.0,2.0,no,no,0,0,0
707,107.0,1.0,no,no,0,0,0
708,217.0,2.0,yes,no,0,0,0
709,230.0,3.0,no,yes,0,0,0
710,146.0,2.0,no,no,0,0,0
711,188.0,2.0,no,yes,0,0,0
712,115.0,2.0,no,yes,0,0,0
713,166.0,1.0,yes,yes,0,0,0
714,126.0,2.0,yes,no,0,0,0
715,121.0,3.0,no,yes,0,0,0
716,308.0,2.0,no,no,0,0,0
717,146.0,3.0,yes,no,0,0,0
718,151.0,2.0,no,no,0,0,0
719,165.0,1.0,no,no,0,0,0
720,169.0,2.0,yes,no,0,0,0
721,99.0,3.0,no,no,0,0,0
722,157.0,2.0,no,no,0,0,0
723,220.0,2.0,yes,yes,0,0,0
724,180.0,2.0,no,no,0,0,0
725,154.0,2.0,yes,no,0,0,0
726,163.0,2.0,yes,no,0,0,0
727,189.0,2.0,no,no,0,0,0
728,192.0,3.0,yes,no,0,0,0
729,221.0,2.0,no,yes,0,0,0
730,186.0,1.0,no,yes,0,0,0
731,151.0,1.0,no,no,0,0,0
732,215.0,2.0,yes,no,0,0,0
733,203.0,3.0,no,yes,0,0,0
734,121.0,2.0,no,no,0,0,0
735,79.0,2.0,yes,no,0,0,0
736,161.0,1.0,no,yes,0,0,0
737,145.0,2.0,yes,no,0,0,0
738,158.0,2.0,no,yes,0,0,0
739,146.0,2.0,yes,no,0,0,0
740,165.0,2.0,no,yes,0,0,0
741,231.0,2.0,no,no,0,0,0
742,168.0,2.0,no,no,0,0,0
743,108.0,3.0,yes,no,0,0,0
744,155.0,2.0,yes,no,0,0,0
745,187.0,2.0,no,yes,0,0,0
746,152.0,2.0,no,no,0,0,0
747,136.0,2.0,no,no,0,0,0
748,235.0,1.0,no,no,0,0,0
749,206.0,3.0,yes,yes,0,0,0
750,179.0,3.0,yes,no,0,0,0
751,254.0,2.0,yes,no,0,0,0
752,286.0,3.0,yes,yes,0,0,1
753,83.0,2.0,yes,yes,0,0,0
754,134.0,2.0,yes,no,0,0,0
755,196.0,2.0,no,no,0,0,0
756,221.0,2.0,no,no,0,0,0
757,171.0,2.0,no,no,0,0,0
758,218.0,2.0,yes,no,0,0,0
759,186.0,1.0,no,no,0,0,0
760,163.0,3.0,no,yes,0,0,0
761,126.0,1.0,no,no,0,0,0
762,312.0,3.0,no,no,0,0,0
763,298.0,2.0,yes,no,0,0,0
764,253.0,2.0,no,no,0,0,0
765,139.0,3.0,yes,no,0,0,0
766,236.0,2.0,yes,yes,0,0,1
767,77.0,2.0,yes,no,0,0,0
768,196.0,2.0,no,no,0,0,0
769,176.0,2.0,yes,yes,0,0,0
770,166.0,2.0,yes,yes,0,0,0
771,267.0,2.0,no,no,0,0,0
772,176.0,2.0,no,yes,0,0,0
773,102.0,2.0,no,no,0,0,0
774,74.0,2.0,yes,yes,0,0,0
775,187.0,1.0,no,no,0,0,0
776,182.0,2.0,yes,no,0,0,0
777,132.0,2.0,yes,no,0,0,0
778,365.0,2.0,no,no,0,0,0
779,129.0,2.0,no,yes,0,0,0
780,147.0,2.0,yes,no,0,0,0
781,258.0,2.0,no,no,0,0,0
782,181.0,2.0,no,yes,0,0,0
783,244.0,3.0,no,yes,0,0,0
784,156.0,1.0,no,no,0,0,0
785,199.0,2.0,yes,no,0,0,0
786,183.0,2.0,no,yes,0,0,0
787,225.0,2.0,no,no,0,0,0
788,172.0,2.0,no,no,0,0,0
789,99.0,2.0,no,no,0,0,0
790,203.0,2.0,no,no,0,0,0
791,164.0,2.0,yes,no,0,0,0
792,150.0,2.0,no,no,0,0,0
793,178.0,2.0,no,no,0,0,0
794,234.0,1.0,no,no,0,0,0
795,43.0,2.0,yes,no,0,0,0
796,251.0,2.0,no,no,0,0,0
797,218.0,3.0,no,no,0,0,0
798,183.0,2.0,no,yes,0,0,0
799,15.0,3.0,yes,no,0,0,0
800,92.0,3.0,no,no,0,0,0
801,175.0,3.0,no,yes,0,0,0
802,177.0,2.0,no,no,0,0,0
803,179.0,2.0,yes,yes,0,0,0
804,161.0,2.0,no,no,0,0,0
805,258.0,2.0,no,no,0,0,0
806,155.0,2.0,no,no,0,0,0
807,281.0,2.0,no,no,0,0,0
808,148.0,2.0,yes,yes,0,0,0
809,207.0,2.0,no,yes,0,0,0
810,120.0,2.0,yes,no,0,0,0
811,225.0,2.0,no,yes,0,0,0
812,119.0,1.0,no,yes,0,0,0
813,87.0,2.0,yes,no,0,0,0
814,264.0,2.0,no,no,0,0,0
815,139.0,2.0,no,no,0,0,0
816,76.0,2.0,no,no,0,0,0
817,143.0,2.0,no,yes,0,0,0
818,156.0,2.0,yes,no,0,0,0
819,228.0,3.0,no,no,0,0,0
820,67.0,2.0,no,yes,0,0,0
821,174.0,1.0,yes,yes,0,0,0
822,106.0,2.0,no,yes,0,0,0
823,122.0,2.0,no,yes,0,0,0
824,102.0,2.0,yes,no,0,0,0
825,332.0,2.0,no,no,0,0,0
826,230.0,2.0,no,no,0,0,0
827,144.0,2.0,no,yes,0,0,0
828,105.0,2.0,no,no,0,0,0
829,198.0,2.0,no,no,0,0,0
830,251.0,3.0,no,no,0,0,0
831,106.0,2.0,yes,no,0,0,0
832,135.0,2.0,yes,yes,0,0,0
833,216.0,1.0,yes,no,0,0,0
834,178.0,2.0,yes,yes,0,0,0
835,233.0,2.0,no,no,0,0,0
836,222.0,1.0,no,yes,0,0,0
837,131.0,2.0,no,no,0,0,0
838,182.0,2.0,yes,yes,0,0,0
839,248.0,1.0,yes,no,0,0,0
840,173.0,2.0,no,yes,0,0,0
841,248.0,1.0,yes,no,0,0,0
842,190.0,3.0,no,no,0,0,0
843,163.0,3.0,no,no,0,0,0
844,123.0,2.0,yes,no,0,0,0
845,226.0,3.0,no,yes,0,0,0
846,288.0,2.0,no,no,0,0,0
847,112.0,2.0,yes,yes,0,0,0
848,156.0,2.0,yes,yes,0,0,0
849,163.0,2.0,yes,no,0,0,0
850,65.0,1.0,no,no,0,0,0
851,212.0,1.0,no,no,0,0,0
852,172.0,1.0,no,yes,0,0,0
853,300.0,2.0,no,no,0,0,0
854,226.0,2.0,no,no,0,0,0
855,101.0,3.0,yes,yes,0,0,0
856,216.0,2.0,yes,yes,0,0,0
857,186.0,3.0,no,no,0,0,0
858,126.0,1.0,no,yes,0,0,0
859,57.0,2.0,yes,no,0,0,0
860,175.0,2.0,yes,no,0,0,0
861,175.0,1.0,no,no,0,0,0
862,150.0,2.0,no,yes,0,0,0
863,167.0,2.0,no,no,0,0,0
864,156.0,2.0,yes,yes,0,0,0
865,175.0,2.0,no,no,0,0,0
866,45.0,2.0,no,no,0,0,0
867,173.0,2.0,yes,no,0,0,0
868,227.0,2.0,no,no,0,0,0
869,151.0,1.0,yes,yes,0,0,0
870,258.0,2.0,no,no,0,0,0
871,221.0,2.0,no,no,0,0,0
872,85.0,1.0,yes,no,0,0,0
873,96.0,1.0,no,yes,0,0,0
874,122.0,3.0,yes,yes,0,0,0
875,202.0,2.0,no,no,0,0,0
876,201.0,2.0,no,no,0,0,0
877,183.0,2.0,no,yes,0,0,0
878,163.0,2.0,no,yes,0,0,0
879,88.0,2.0,no,yes,0,0,0
880,244.0,2.0,no,yes,0,0,0
881,158.0,1.0,yes,yes,0,0,0
882,136.0,2.0,no,yes,0,0,0
883,159.0,2.0,no,no,0,0,0
884,216.0,3.0,yes,no,0,0,0
885,144.0,3.0,no,yes,0,0,0
886,192.0,2.0,no,no,0,0,0
887,200.0,2.0,no,no,0,0,0
888,286.0,2.0,yes,no,0,0,0
889,176.0,1.0,no,no,0,0,0
890,275.0,1.0,yes,no,0,0,0
891,104.0,3.0,no,no,0,0,0
892,108.0,2.0,no,yes,0,0,0
893,194.0,2.0,no,no,0,0,0
894,274.0,2.0,yes,no,0,0,0
895,233.0,2.0,yes,yes,0,0,1
896,358.0,2.0,yes,no,0,0,0
897,192.0,2.0,no,yes,0,0,0
898,265.0,2.0,no,no,0,0,0
899,187.0,2.0,yes,no,0,0,0
900,173.0,2.0,no,yes,0,0,0
901,151.0,1.0,no,no,0,0,0
902,187.0,3.0,no,yes,0,0,0
903,206.0,2.0,yes,no,0,0,0
904,200.0,3.0,yes,no,0,0,0
905,183.0,1.0,no,no,0,0,0
906,214.0,3.0,yes,no,0,0,0
907,200.0,2.0,no,yes,0,0,0
908,201.0,1.0,no,no,0,0,0
909,138.0,1.0,no,no,0,0,0
910,114.0,2.0,yes,no,0,0,0
911,197.0,2.0,yes,yes,0,0,0
912,153.0,1.0,no,no,0,0,0
913,112.0,3.0,no,yes,0,0,0
914,260.0,1.0,no,no,0,0,0
915,141.0,2.0,no,no,0,0,0
916,162.0,3.0,yes,no,0,0,0
917,105.0,3.0,yes,yes,0,0,0
918,119.0,2.0,no,yes,0,0,0
919,269.0,1.0,yes,no,0,0,0
920,175.0,2.0,no,no,0,0,0
921,185.0,2.0,no,no,0,0,0
922,265.0,3.0,yes,yes,0,0,1
923,221.0,1.0,no,no,0,0,0
924,176.0,2.0,no,no,0,0,0
925,144.0,2.0,no,no,0,0,0
926,194.0,3.0,no,no,0,0,0
927,276.0,2.0,no,no,0,0,0
928,171.0,2.0,no,no,0,0,0
929,195.0,2.0,no,no,0,0,0
930,208.0,2.0,no,no,0,0,0
931,120.0,3.0,no,yes,0,0,0
932,58.0,2.0,yes,yes,0,0,0
933,249.0,3.0,no,no,0,0,0
934,276.0,2.0,no,yes,0,0,0
935,245.0,2.0,no,no,0,0,0
936,184.0,2.0,no,yes,0,0,0
937,123.0,1.0,no,yes,0,0,0
938,165.0,2.0,yes,no,0,0,0
939,161.0,1.0,no,yes,0,0,0
940,85.0,2.0,no,no,0,0,0
941,180.0,1.0,no,no,0,0,0
942,156.0,3.0,no,yes,0,0,0
943,93.0,1.0,yes,yes,0,0,0
944,277.0,2.0,no,yes,0,0,0
945,89.0,1.0,yes,no,0,0,0
946,258.0,2.0,yes,yes,0,0,1
947,210.0,2.0,no,no,0,0,0
948,132.0,3.0,no,no,0,0,0
949,96.0,1.0,no,no,0,0,0
950,165.0,1.0,yes,no,0,0,0
951,147.0,2.0,no,no,0,0,0
952,165.0,2.0,no,no,0,0,0
953,209.0,1.0,no,yes,0,0,0
954,55.0,2.0,no,no,0,0,0
955,4.0,3.0,no,no,0,0,0
956,179.0,2.0,yes,yes,0,0,0
957,170.0,2.0,no,no,0,0,0
958,211.0,2.0,yes,no,0,0,0
959,195.0,1.0,yes,yes,0,0,0
960,106.0,2.0,yes,no,0,0,0
961,114.0,3.0,no,no,0,0,0
962,193.0,2.0,no,yes,0,0,0
963,214.0,2.0,no,no,0,0,0
964,251.0,2.0,no,no,0,0,0
965,163.0,1.0,yes,no,0,0,0
966,328.0,2.0,no,yes,0,0,0
967,156.0,2.0,yes,no,0,0,0
968,200.0,2.0,yes,yes,0,0,0
969,156.0,2.0,yes,no,0,0,0
970,156.0,2.0,yes,no,0,0,0
971,114.0,2.0,yes,no,0,0,0
972,198.0,2.0,yes,no,0,0,0
973,159.0,2.0,yes,no,0,0,0
974,147.0,2.0,no,no,0,0,0
975,164.0,2.0,no,no,0,0,0
976,201.0,3.0,yes,yes,0,0,0
977,176.0,2.0,no,no,0,0,0
978,143.0,2.0,yes,no,0,0,0
979,209.0,3.0,no,no,0,0,0
980,243.0,2.0,no,yes,0,0,0
981,164.0,2.0,yes,no,0,0,0
982,184.0,2.0,yes,yes,0,0,0
983,295.0,2.0,no,yes,0,0,0
984,173.0,2.0,yes,no,0,0,0
985,227.0,2.0,yes,no,0,0,0
986,78.0,2.0,no,no,0,0,0
987,129.0,2.0,yes,yes,0,0,0
988,127.0,2.0,yes,yes,0,0,0
989,239.0,3.0,yes,no,0,0,0
990,133.0,3.0,yes,no,0,0,0
991,236.0,2.0,yes,yes,0,0,1
992,292.0,1.0,no,no,0,0,0
993,234.0,2.0,no,no,0,0,0
994,127.0,2.0,no,yes,0,0,0
995,171.0,2.0,no,no,0,0,0
996,101.0,2.0,yes,yes,0,0,0
997,260.0,3.0,no,no,0,0,0
998,208.0,3.0,no,yes,0,0,0
999,134.0,2.0,no,yes,0,0,0
